year,year,Black-bellied Whistling-Duck,Greater White-fronted Goose,Snow Goose,Ross's Goose,Canada Goose,Mute Swan,Wood Duck,Gadwall,American Wigeon,Mallard,Mottled Duck,Blue-winged Teal,Cinnamon Teal,Northern Shoveler,Northern Pintail,Green-winged Teal,Canvasback,Redhead,Ring-necked Duck,Greater Scaup,Lesser Scaup,Bufflehead,Common Goldeneye,Hooded Merganser,Common Merganser,Red-breasted Merganser,Ruddy Duck,Scaled Quail,Gambel's Quail,Northern Bobwhite,Wild Turkey,Common Loon,Least Grebe,Pied-billed Grebe,Horned Grebe,Red-necked Grebe,Eared Grebe,Neotropic Cormorant,Double-crested Cormorant,Anhinga,American White Pelican,Brown Pelican,Great Blue Heron,Great Egret,Snowy Egret,Little Blue Heron,Tricolored Heron,Cattle Egret,Green Heron,Black-crowned Night-Heron,Yellow-crowned Night-Heron,White Ibis,White-faced Ibis,Roseate Spoonbill,Black Vulture,Turkey Vulture,Osprey,Northern Harrier,Sharp-shinned Hawk,Cooper's Hawk,Bald Eagle,Red-shouldered Hawk,Harris's Hawk,Red-tailed Hawk,Ferruginous Hawk,Virginia Rail,Sora,Common Gallinule,American Coot,Sandhill Crane,Black-necked Stilt,American Avocet,Black-bellied Plover,Semipalmated Plover,Killdeer,Greater/Lesser Yellowlegs,Spotted Sandpiper,Solitary Sandpiper,Willet,Ruddy Turnstone,Sanderling,Western Sandpiper,Least Sandpiper,Dunlin,Short-billed/Long-billed Dowitcher,Wilson's Snipe,Laughing Gull,Bonaparte's Gull,Franklin's Gull,Ring-billed Gull,California Gull,Herring Gull,Lesser Black-backed Gull,Caspian Tern,Royal Tern,Forster's Tern,Black Skimmer,Rock Pigeon,Eurasian Collared-Dove,Inca Dove,Common Ground-Dove,White-winged Dove,Mourning Dove,Greater Roadrunner,Barn Owl,Eastern Screech-Owl,Great Horned Owl,Barred Owl,Long-eared Owl,Common Pauraque,White-throated Swift,Anna's Hummingbird,Broad-tailed Hummingbird,Rufous Hummingbird,Ringed Kingfisher,Belted Kingfisher,Green Kingfisher,Golden-fronted Woodpecker,Acorn Woodpecker,Red-bellied Woodpecker,Yellow-bellied Sapsucker,Ladder-backed Woodpecker,Downy Woodpecker,Northern Flicker,Pileated Woodpecker,Crested Caracara,American Kestrel,Merlin,Peregrine Falcon,Prairie Falcon,Monk Parakeet,Eastern Phoebe,Black Phoebe,Say's Phoebe,Vermilion Flycatcher,yellow-bellied kingbird sp.,Scissor-tailed Flycatcher,Loggerhead Shrike,White-eyed Vireo,Blue-headed Vireo,Blue Jay,Western Scrub-Jay,American Crow,Common Raven,Tree Swallow,Cliff/Cave Swallow,Carolina Chickadee,Tufted Titmouse,Black-crested Titmouse,Verdin,Red-breasted Nuthatch,White-breasted Nuthatch,Brown Creeper,Rock Wren,Canyon Wren,House Wren,Winter Wren,Sedge Wren,Marsh Wren,Carolina Wren,Bewick's Wren,Cactus Wren,Blue-gray Gnatcatcher,Golden-crowned Kinglet,Ruby-crowned Kinglet,Eastern Bluebird,Western Bluebird,Hermit Thrush,American Robin,Gray Catbird,Curve-billed Thrasher,Brown Thrasher,Long-billed Thrasher,Crissal Thrasher,Northern Mockingbird,European Starling,American Pipit,Sprague's Pipit,Cedar Waxwing,Phainopepla,Black-and-white Warbler,Orange-crowned Warbler,Common Yellowthroat,Yellow Warbler,Pine Warbler,Yellow-rumped Warbler,Grasshopper Sparrow,Le Conte's Sparrow,Seaside Sparrow,Chipping Sparrow,Black-chinned Sparrow,Brewer's Sparrow,Black-throated Sparrow,Field Sparrow,Lark Sparrow,Lark Bunting,Fox Sparrow,Dark-eyed Junco,White-crowned Sparrow,Harris's Sparrow,White-throated Sparrow,Vesper Sparrow,Savannah Sparrow,Song Sparrow,Lincoln's Sparrow,Swamp Sparrow,Rufous-crowned Sparrow,Canyon Towhee,Green-tailed Towhee,Spotted Towhee,Eastern Towhee,Pyrrhuloxia,Northern Cardinal,Red-winged Blackbird,Western/Eastern Meadowlark,Yellow-headed Blackbird,Rusty Blackbird,Brewer's Blackbird,Common Grackle,Boat-tailed Grackle,Great-tailed Grackle,Brown-headed Cowbird,Hooded Oriole,House Finch,Pine Siskin,Lesser Goldfinch,American Goldfinch,House Sparrow,location
2009,2009,0,0,0,0,7,0,8,148,130,904,0,0,0,250,5,11,4,2,2,1,253,19,1,9,0,0,180,0,0,0,0,0,0,77,0,0,0,3,4896,0,169,0,50,496,4,1,0,0,0,31,0,0,0,0,48,30,0,4,6,9,0,17,0,48,0,0,0,0,556,0,0,0,0,0,83,17,8,0,0,0,0,0,39,0,0,2,0,1991,1,1991,0,1,1,0,0,40,0,2037,3,0,0,476,442,0,0,4,2,3,0,0,0,0,0,0,0,16,0,0,0,77,24,0,56,76,0,0,39,1,0,0,83,21,0,0,0,0,0,2,1,3,225,0,254,0,0,0,198,78,0,0,0,2,16,0,0,0,0,0,1,111,3,0,4,24,179,18,0,5,284,0,0,8,0,0,98,6911,43,0,1039,0,2,22,1,0,2,439,0,0,0,9,0,0,0,15,0,0,10,101,1,19,105,2,19,27,4,5,0,0,0,5,2,0,149,1611,22,0,3,0,183,0,5779,36,0,86,1,0,154,189,Dallas
2010,2010,0,0,0,0,28,0,68,218,112,630,0,0,0,200,40,14,0,3,14,0,145,16,0,11,0,0,36,0,0,0,0,0,0,48,0,0,0,5,8877,0,79,0,51,78,5,1,0,0,0,10,0,0,0,0,33,36,3,1,5,8,0,18,0,49,0,0,0,0,520,0,0,0,0,0,120,5,16,0,0,0,0,0,44,0,0,11,1,5,0,7376,0,2,1,0,0,9,0,1931,5,0,0,324,330,0,0,1,1,1,0,0,0,0,0,0,0,17,0,0,0,85,25,3,83,36,0,0,19,0,0,0,83,46,0,0,0,0,0,1,0,1,261,0,201,0,0,0,216,83,0,0,0,2,40,0,0,2,20,0,2,85,4,0,1,73,207,7,0,17,39,0,0,10,0,0,140,7064,50,0,104,0,2,30,1,0,6,384,0,4,0,6,0,0,0,98,0,0,8,121,46,7,297,0,66,76,37,14,0,0,0,7,4,0,266,683,32,0,16,0,1872,0,4611,8,0,46,1,0,145,297,Dallas
2011,2011,0,0,0,0,60,0,54,284,132,958,2,6,0,1023,4,78,0,1,66,0,176,19,1,23,0,0,252,0,0,0,0,0,0,113,0,0,0,5,7302,0,359,0,64,224,4,8,0,0,0,49,1,0,0,0,16,44,0,8,7,9,0,20,0,63,0,0,0,0,729,0,0,0,0,0,136,5,4,0,0,0,0,0,2,0,0,30,0,28,3,3542,0,1,2,0,0,46,0,1354,9,0,0,454,246,0,0,6,0,1,0,0,0,0,0,0,0,27,0,0,0,104,24,0,73,112,0,0,35,0,0,0,74,32,0,0,0,0,0,7,0,1,351,0,298,0,0,0,238,74,0,0,0,1,26,0,0,3,6,1,3,72,2,0,12,21,82,39,0,15,823,0,0,16,0,0,213,4689,89,0,1438,0,0,21,1,0,1,631,0,1,0,15,0,0,0,53,0,0,26,253,11,161,312,0,23,102,17,22,0,0,0,19,8,0,254,1734,137,0,6,1,224,0,3602,14,0,29,0,0,266,194,Dallas
2012,2012,0,0,0,0,16,0,25,335,286,975,2,1,0,1050,9,63,0,0,104,0,498,25,0,20,0,0,89,0,0,0,0,0,0,60,6,0,0,2,10235,0,352,0,43,237,1,0,0,0,0,16,0,54,0,0,18,38,0,7,6,14,0,26,0,54,0,0,0,0,551,0,0,0,0,0,101,20,5,0,0,0,0,0,138,0,0,11,0,747,0,9906,0,3,1,0,0,90,0,1905,6,0,0,364,343,0,0,2,1,5,0,0,0,0,0,1,0,18,0,0,0,116,25,0,83,36,0,0,35,0,0,0,89,36,0,0,0,0,0,4,0,2,258,0,233,0,0,0,228,135,0,0,8,1,28,0,0,1,8,1,1,113,0,0,1,39,89,48,0,10,130,0,0,17,0,0,177,4649,91,0,139,0,3,21,0,0,9,372,0,3,0,4,0,0,0,32,0,0,7,123,13,10,180,0,21,62,4,6,0,0,0,19,4,0,243,1465,34,0,1,0,185,0,3486,202,0,164,9,0,326,230,Dallas
2013,2013,0,0,0,0,34,0,118,424,158,979,0,24,0,1285,15,133,15,0,135,4,237,45,0,63,2,1,501,0,0,0,0,0,0,64,3,0,7,7,6293,0,333,0,54,170,0,0,0,0,0,26,0,0,0,0,4,4,2,0,7,11,0,16,0,44,0,0,0,0,601,0,0,0,0,0,90,5,4,0,0,0,0,0,91,0,0,3,0,102,2,1649,0,7,1,0,0,59,0,1357,7,0,0,412,307,1,0,2,1,4,0,0,0,0,0,0,0,13,0,0,0,96,12,1,48,36,0,0,26,0,0,0,40,15,0,0,0,0,0,3,0,1,380,0,204,0,0,0,161,93,0,0,0,2,19,0,0,2,4,0,3,96,1,0,2,31,105,29,0,10,1056,0,0,29,0,0,188,3571,100,0,2064,0,0,20,0,0,16,205,0,2,0,18,0,0,0,47,0,0,21,213,28,193,311,0,31,66,2,6,0,0,0,14,9,0,273,1035,1,0,5,4,11,0,4877,12,0,124,0,0,312,192,Dallas
2014,2014,0,0,1,0,190,0,79,202,296,1279,0,0,0,507,1,45,13,0,117,0,254,23,0,27,0,0,541,0,0,0,0,0,0,36,0,0,1,6,9517,0,154,0,56,277,3,0,0,0,0,36,0,25,0,0,4,5,0,0,5,12,0,17,0,27,0,0,0,0,309,0,0,0,0,0,19,4,2,0,0,0,0,0,117,0,0,0,0,265,1,3347,0,1,3,0,0,18,0,2644,21,0,0,599,421,0,0,8,3,2,0,0,0,0,0,0,0,12,0,0,0,137,23,1,121,55,0,0,29,0,0,0,106,26,0,0,0,0,0,6,0,1,515,0,229,0,0,0,241,126,0,0,0,0,20,0,0,2,5,0,1,134,0,0,3,42,143,15,0,10,181,0,0,14,0,0,212,6387,2,0,533,0,0,15,3,0,0,340,0,1,0,3,0,0,0,18,1,0,9,237,12,42,220,0,8,36,6,5,0,0,0,20,7,0,318,2349,40,0,0,0,9,0,4937,7,0,94,0,0,433,229,Dallas
2015,2015,0,0,12,0,90,0,23,230,292,719,0,2,0,293,4,8,9,1,46,0,275,13,0,24,0,0,74,0,0,0,0,0,0,60,0,0,0,13,3866,0,132,0,54,351,4,0,0,0,0,6,0,0,0,0,66,69,0,0,6,18,0,21,0,37,0,0,0,0,455,0,0,0,0,0,30,8,3,0,0,0,0,0,31,0,0,0,0,15,0,2092,0,5,3,0,0,0,0,3002,16,2,0,413,173,0,0,3,0,2,0,0,0,0,0,0,0,12,0,0,0,121,23,3,64,41,0,0,16,0,0,0,68,47,0,0,0,0,1,3,0,1,370,0,256,0,0,0,193,79,0,0,0,1,25,0,0,1,5,0,0,86,1,0,0,58,161,37,0,7,125,0,0,3,0,0,133,4355,14,0,1395,0,0,43,1,0,17,379,0,0,0,0,0,0,0,12,0,0,5,330,4,44,332,0,19,24,6,0,0,0,1,5,4,0,160,285,78,0,1,0,56,0,2718,13,0,52,15,0,262,125,Dallas
2016,2016,0,0,0,0,139,0,30,155,228,957,0,4,0,323,2,70,0,1,118,0,229,29,0,41,0,2,138,0,0,0,0,0,0,65,2,0,0,13,3525,0,90,0,57,193,2,0,0,0,0,36,0,14,0,0,6,96,0,0,6,18,0,17,0,43,0,0,1,0,306,0,0,0,0,0,52,16,3,0,0,0,0,0,24,0,0,1,0,32,24,2876,0,11,3,0,0,10,0,2791,1,0,0,611,248,0,0,5,1,4,0,0,0,0,0,0,0,12,0,0,0,123,26,1,76,40,0,0,49,1,0,0,56,47,0,0,0,0,0,1,0,2,323,0,228,0,0,0,240,83,0,0,0,0,14,0,0,1,1,0,1,151,2,0,0,56,135,33,0,7,154,0,0,7,0,0,111,1679,0,0,571,0,0,32,1,0,5,311,0,0,0,1,0,0,0,13,0,0,7,118,0,19,257,0,2,36,1,5,0,0,0,2,3,0,185,722,492,0,0,0,145,0,2828,17,0,70,0,0,199,163,Dallas
2017,2017,0,0,0,0,130,0,27,357,171,876,0,1,0,410,5,64,7,0,181,0,312,31,0,31,0,0,21,0,0,0,0,0,0,64,0,0,0,37,6399,0,120,0,72,192,5,0,0,0,0,11,0,12,0,0,24,64,0,1,4,14,0,23,0,44,0,0,0,0,422,0,0,0,0,0,229,9,3,0,0,0,0,0,177,0,0,18,0,14,0,725,0,5,7,0,0,7,0,2767,1,0,0,337,339,1,1,1,1,5,0,0,0,0,0,0,0,15,0,0,0,148,27,1,67,46,0,0,58,0,0,0,87,45,0,0,0,0,0,1,0,3,340,0,377,0,0,0,184,56,0,0,0,1,10,0,0,1,2,0,0,87,0,0,0,14,123,43,0,9,595,0,0,12,0,0,102,2238,36,0,1053,0,0,15,2,0,4,417,0,1,0,9,0,0,0,14,0,0,9,157,0,18,206,0,8,42,4,3,0,0,0,15,3,0,180,3005,6,0,7,0,144,0,1739,19,0,121,0,0,184,113,Dallas
2018,2018,2,0,0,0,243,0,66,395,201,682,0,0,0,308,125,72,1,4,107,0,247,29,0,6,1,0,52,0,0,0,0,0,0,66,0,0,0,17,2544,0,305,0,51,514,2,0,0,0,0,19,0,0,0,0,69,102,1,2,2,16,1,14,0,46,0,0,0,0,262,0,0,0,0,0,35,10,4,0,0,0,0,0,7,0,0,7,0,0,6,6325,0,3,3,0,0,9,0,2995,2,3,0,402,119,0,0,2,0,0,0,0,0,0,0,0,0,14,0,0,0,126,33,0,90,52,1,0,24,0,0,0,40,37,0,0,0,0,0,0,0,8,269,0,261,0,0,0,230,91,0,0,1,1,15,0,0,2,1,0,3,114,2,0,0,14,121,81,0,12,162,0,0,12,0,0,123,761,11,0,446,0,1,30,6,0,4,386,0,1,0,8,0,0,0,4,0,0,4,136,27,48,289,0,8,32,8,4,0,0,0,9,1,0,161,391,8,0,0,0,96,0,1059,3,0,142,0,0,135,111,Dallas
2019,2019,0,0,0,0,270,0,45,308,175,791,0,0,0,457,8,67,0,0,111,0,272,27,0,36,0,1,122,0,0,0,0,0,0,89,0,0,4,27,5505,0,556,0,96,181,2,0,0,0,0,13,0,0,0,0,31,21,1,3,2,14,0,25,0,118,0,0,0,0,452,0,0,0,0,0,31,3,14,0,0,0,0,0,27,0,0,22,0,10,1,3807,0,21,11,0,0,6,0,4173,2,0,0,332,198,0,0,0,1,1,1,0,0,0,0,0,0,16,0,0,0,148,26,0,85,44,0,0,32,1,0,0,46,53,0,0,0,0,0,5,1,1,414,0,325,0,0,0,216,87,0,0,0,3,5,0,0,4,0,0,1,126,1,0,2,2,123,57,0,4,562,1,0,18,0,0,135,1741,135,0,1252,0,0,19,6,0,12,437,0,0,0,2,0,0,0,4,0,0,7,206,30,35,275,1,76,61,6,20,0,0,0,5,2,0,275,1553,41,0,0,1,132,0,2262,8,0,156,0,0,259,141,Dallas
2009,2009,0,0,2,0,0,0,40,72,158,174,0,1,2,71,7,145,0,6,70,0,15,21,1,1,20,5,114,35,60,0,0,0,0,29,0,0,2,84,0,0,0,0,15,1,8,0,0,0,1,6,0,0,0,0,0,0,0,15,6,16,0,0,4,23,2,9,12,13,140,55,12,0,0,0,42,3,5,0,0,0,0,0,162,0,23,4,0,0,0,900,2,1,0,0,0,0,0,1919,164,58,0,3528,367,5,0,0,2,0,0,0,168,5,0,0,0,6,0,0,6,0,0,55,0,58,0,0,23,1,2,0,0,0,18,16,0,0,0,3,0,0,1,84,0,0,0,0,0,0,0,29,10,2,0,13,1,4,0,0,8,0,13,11,0,0,65,0,78,3,219,0,12,0,0,11,93,385,10,0,48,22,0,6,0,0,0,108,0,0,0,0,0,1,43,0,0,0,0,166,175,0,0,0,9,17,5,2,12,7,2,16,0,19,0,884,15,1366,0,787,0,0,2689,115,1,523,1,13,0,469,El Paso
2010,2010,0,0,1,0,0,0,35,62,308,222,0,0,1,234,0,171,6,4,29,0,8,18,0,5,5,0,109,19,58,0,0,0,0,26,0,0,1,61,0,0,0,0,12,3,32,0,0,0,1,2,0,0,0,0,0,0,0,3,3,7,0,0,2,25,1,12,17,9,135,0,32,0,0,0,34,2,5,0,0,0,0,0,146,0,145,3,0,0,0,2396,2,4,0,0,0,0,0,700,116,62,0,1448,331,2,0,0,0,0,0,0,0,7,0,0,0,8,0,0,2,0,0,30,0,31,0,0,16,2,0,0,0,0,19,14,0,0,0,2,0,0,0,0,0,0,0,0,0,0,0,28,13,0,1,21,1,1,0,0,7,0,8,13,1,0,83,0,0,0,95,0,18,0,0,1,53,289,35,0,17,12,0,8,0,0,0,156,0,0,0,12,3,18,47,0,0,0,0,64,74,0,1,0,25,15,25,4,7,11,0,8,0,14,0,285,10,8000,0,390,0,0,406,82,1,512,0,34,1,303,El Paso
2011,2011,0,0,2,1,0,0,46,51,406,366,0,0,0,345,20,122,2,13,37,1,13,11,1,1,7,1,63,5,25,0,0,0,0,19,0,0,11,39,2,0,0,0,14,2,11,0,0,0,1,4,0,0,0,0,0,0,0,1,6,5,0,0,1,12,1,8,5,7,200,0,16,0,0,0,22,3,2,0,0,0,0,0,35,0,65,4,0,0,1,937,0,1,0,0,0,0,0,1134,116,29,0,1669,168,1,0,0,0,0,0,0,7,7,1,2,0,1,0,0,4,0,0,20,0,20,0,0,23,1,1,1,0,0,9,13,0,0,0,2,0,0,0,0,0,0,0,0,0,0,0,16,0,0,0,6,0,0,0,0,5,0,2,11,0,0,23,0,12,3,130,0,3,0,0,1,34,2338,28,0,5,12,0,4,1,0,0,37,0,0,0,6,1,1,23,0,0,0,0,76,233,0,1,0,4,25,9,0,5,8,0,5,0,13,0,368,42,9360,0,631,0,0,707,432,0,465,2,10,1,485,El Paso
2012,2012,0,0,2,0,0,0,93,124,351,473,0,0,0,342,15,346,2,0,20,1,33,11,1,1,4,0,63,0,80,0,0,0,0,26,0,0,7,67,14,0,0,0,19,5,3,0,0,0,0,7,0,0,0,0,0,0,0,2,6,8,0,0,2,14,1,7,18,7,0,15,33,0,0,0,37,2,2,0,0,0,0,0,92,0,124,6,0,0,0,1686,1,3,0,0,0,0,0,1778,169,27,0,4192,210,2,0,0,0,0,0,0,2,6,0,1,0,5,0,0,11,0,1,50,0,27,0,0,18,0,1,0,0,0,13,17,1,0,0,2,0,0,0,34,16,0,0,0,0,0,0,33,5,0,0,15,1,0,0,0,5,0,4,17,0,0,62,6,7,6,118,0,20,0,0,3,81,562,6,0,3,14,0,6,0,0,0,149,0,0,0,27,2,0,20,0,0,0,0,112,160,0,0,0,17,23,12,7,5,11,0,4,0,8,0,218,1,7509,0,987,0,0,1171,275,1,599,0,24,2,728,El Paso
2013,2013,0,0,2,0,25,0,62,144,458,457,0,0,1,262,14,127,4,0,50,1,18,8,0,4,44,1,64,18,3,0,0,0,0,29,0,0,6,90,16,0,0,0,16,11,7,0,0,0,0,6,0,0,0,0,0,0,0,0,6,9,0,0,1,12,1,5,15,1,278,0,25,0,0,0,16,2,6,0,0,0,0,0,68,0,44,2,0,0,0,2853,0,3,0,0,0,0,0,1408,84,28,0,2705,296,0,0,0,1,0,0,0,6,1,1,1,0,7,0,0,13,0,0,27,0,47,0,0,21,1,4,1,0,0,3,7,0,0,0,1,0,1,0,13,0,0,0,0,0,0,0,24,5,0,1,11,0,11,0,0,3,0,3,10,5,0,57,0,50,2,366,0,10,0,0,1,39,176,7,0,59,11,0,1,0,0,1,100,0,0,0,76,9,4,45,0,0,0,1,34,118,1,2,2,8,11,36,0,1,5,3,18,0,10,0,215,0,3100,0,82,0,0,3525,15,3,333,0,32,1,533,El Paso
2014,2014,0,0,3,0,0,0,59,103,402,304,0,0,0,323,18,224,8,8,214,2,31,32,0,17,17,0,85,17,77,0,0,0,0,27,0,0,2,25,4,0,0,0,12,7,5,0,0,1,0,13,0,0,0,0,0,0,0,0,10,6,0,0,0,27,1,4,14,2,361,0,0,0,0,0,47,6,1,0,0,0,0,0,154,0,31,1,0,0,0,3329,2,5,0,0,0,0,0,1242,231,44,0,3395,638,1,0,0,0,0,0,0,21,4,2,0,0,8,0,0,7,0,1,54,0,45,0,0,36,1,1,1,0,0,17,18,0,0,0,6,0,0,0,41,0,0,0,0,0,0,0,35,21,2,1,44,2,7,0,0,9,0,13,16,1,0,132,9,17,4,201,0,19,1,0,9,78,233,5,0,58,20,0,10,0,0,0,148,0,0,0,130,16,9,79,0,0,0,0,126,246,0,5,0,1,20,27,1,4,14,6,25,0,9,0,80,6,3100,0,819,0,0,586,112,2,1128,4,36,0,659,El Paso
2015,2015,0,0,0,0,0,0,68,73,269,441,0,0,0,231,5,155,7,1,88,3,49,17,2,19,26,0,123,0,83,0,0,0,0,37,0,0,1,53,0,0,0,0,20,27,4,0,0,0,0,10,0,0,0,0,0,0,0,1,3,6,0,0,1,11,0,10,10,3,654,0,27,0,0,0,44,0,1,0,0,0,0,0,120,0,57,0,0,0,0,2577,1,3,1,0,0,0,0,1003,365,19,0,1942,1037,3,0,0,0,0,0,0,0,4,2,0,0,7,0,0,11,0,0,30,0,22,0,0,26,1,0,0,0,0,12,17,0,0,0,3,0,0,0,0,1,0,0,0,0,0,0,12,0,0,0,9,0,1,0,0,1,0,2,13,0,0,25,2,7,1,229,0,11,0,0,3,57,767,3,0,34,10,0,4,0,0,0,50,0,0,0,4,0,0,32,0,0,0,0,87,97,0,0,0,1,5,5,0,5,13,2,1,0,12,0,267,0,780,0,258,0,0,408,65,1,733,0,12,0,348,El Paso
2016,2016,0,0,1,4,0,0,50,96,333,329,0,0,2,621,2,181,1,31,67,2,28,34,4,22,10,2,225,1,58,0,0,0,0,46,0,0,15,4,2,0,0,0,14,6,8,0,0,0,1,20,0,0,0,0,0,0,0,1,5,13,0,0,2,23,0,2,0,3,361,0,23,0,0,0,41,1,1,0,0,0,0,0,48,0,33,4,0,0,0,3810,2,4,2,0,0,0,0,1647,384,27,0,2708,443,1,0,0,5,0,0,0,42,6,0,0,0,6,0,0,13,0,0,40,0,20,0,0,36,0,0,2,2,0,13,21,2,0,0,5,0,0,0,0,0,0,0,0,0,0,0,35,0,0,0,13,1,5,0,0,8,0,17,10,1,0,53,0,10,0,277,0,15,0,0,14,67,759,1,0,105,14,0,5,0,0,1,61,0,0,0,44,8,0,33,0,0,0,0,75,63,0,2,0,0,22,10,1,9,12,1,8,0,20,0,327,20,4000,0,823,0,0,1024,325,3,588,2,7,0,473,El Paso
2017,2017,0,0,4,0,0,0,14,64,340,246,0,0,0,576,2,259,7,53,310,1,30,26,1,12,0,0,53,2,54,0,0,0,0,45,0,0,0,0,0,0,0,0,17,7,4,0,0,0,0,12,0,0,0,0,0,0,1,1,10,4,0,0,1,23,0,0,3,0,732,0,1,0,0,0,29,4,7,0,0,0,0,0,32,0,0,1,0,1,0,1968,0,3,1,0,0,0,0,1293,520,13,0,1526,339,3,0,0,4,0,0,0,0,10,2,1,0,4,0,0,7,0,0,34,0,43,0,0,28,2,1,0,2,0,8,9,0,0,0,5,0,0,0,43,0,0,0,0,0,0,0,32,16,1,0,14,0,1,0,0,3,0,4,4,2,0,77,0,23,2,209,0,11,0,0,4,67,114,2,0,21,13,0,6,0,0,0,109,0,0,0,23,6,18,25,0,0,0,0,199,120,0,1,0,9,16,8,0,6,9,0,18,0,13,0,314,32,4003,0,2151,0,0,459,501,4,585,4,56,0,406,El Paso
2018,2018,0,0,4,0,0,0,32,102,247,292,0,0,0,367,0,124,3,21,87,1,47,36,2,14,21,0,79,2,20,0,0,0,0,48,0,0,1,0,0,0,0,0,16,11,10,0,0,0,1,15,0,0,0,0,0,0,0,2,4,5,0,0,3,25,1,5,6,1,382,0,5,0,0,0,46,1,2,1,0,0,0,0,76,0,10,8,0,0,0,1877,0,3,0,0,0,0,0,1907,214,8,0,1538,247,2,0,0,1,0,0,0,15,3,0,0,0,2,0,0,6,0,1,15,0,16,0,0,23,0,1,3,1,0,8,7,0,0,0,3,0,0,0,0,13,0,0,0,0,0,0,21,0,0,0,14,0,0,0,0,2,0,4,13,0,0,53,0,26,1,129,0,17,0,0,5,36,233,2,0,28,4,0,1,0,0,0,70,0,0,0,1,5,0,28,0,0,0,0,88,41,0,1,0,6,7,0,1,8,8,1,9,0,16,0,657,3,2100,0,539,0,0,749,200,0,451,4,12,0,232,El Paso
2019,2019,0,0,0,0,0,0,34,152,254,285,0,0,1,344,0,204,4,4,68,2,42,19,2,7,1,0,159,4,13,0,0,0,0,21,0,0,3,1,0,0,0,0,20,14,12,0,0,0,1,20,0,0,0,0,0,0,0,1,3,8,0,0,0,17,0,1,11,0,277,0,0,0,0,0,30,0,2,0,0,0,0,0,19,0,0,3,0,3,0,2369,1,2,2,0,0,0,0,874,195,34,0,1485,173,1,0,0,6,0,0,0,3,11,8,0,0,4,0,0,13,0,0,38,0,17,0,0,14,0,0,1,0,0,14,16,0,0,0,2,0,0,0,40,0,0,0,0,0,0,0,25,1,0,0,10,0,0,0,0,5,0,5,11,0,0,62,0,0,1,121,0,18,0,0,8,60,121,3,0,7,9,0,4,0,0,0,96,0,0,0,6,0,0,10,0,0,0,0,84,29,0,0,0,0,9,1,0,3,8,0,14,0,20,0,286,12,625,1,219,0,0,321,150,0,290,0,27,0,330,El Paso
2009,2009,0,0,0,0,13,0,76,354,424,1002,0,38,0,235,158,307,34,1,153,0,170,54,0,61,0,3,44,0,0,0,22,0,0,61,0,0,3,0,3294,0,25,0,75,50,21,0,0,0,0,1,0,0,0,0,222,344,3,20,7,13,1,37,0,77,0,0,1,0,1194,0,0,0,0,0,119,12,0,0,0,0,0,0,9,0,0,6,0,328,0,268,0,0,0,0,0,92,0,598,376,0,0,674,347,2,0,3,10,2,9,0,0,0,0,0,0,24,0,0,0,103,21,4,57,82,0,0,37,2,1,0,0,50,0,0,0,0,0,0,0,4,217,0,357,0,0,0,293,107,0,0,0,0,4,0,0,1,0,0,2,118,13,0,0,17,189,141,0,22,708,0,0,15,0,0,96,1168,170,0,754,0,0,19,3,0,0,203,2,4,0,75,0,0,0,132,1,0,34,245,85,163,97,56,131,78,4,4,0,0,0,41,8,0,319,8628,368,0,0,53,571,0,1704,148,0,87,1,0,359,129,Ft Worth
2010,2010,0,0,0,0,0,0,223,740,236,392,0,2,0,115,62,347,30,28,352,0,115,35,0,39,0,4,163,0,0,0,19,0,0,65,1,0,3,0,1650,0,156,0,70,79,9,1,0,0,0,0,0,0,0,0,390,666,8,8,3,11,0,9,0,90,0,0,1,0,894,0,0,0,0,0,101,20,7,0,0,0,0,0,99,0,12,12,0,14,0,426,0,0,0,0,0,153,0,581,25,0,0,357,511,0,0,1,5,5,10,0,0,0,0,0,0,14,0,0,0,116,29,2,87,68,2,0,35,0,2,0,0,118,0,0,0,0,0,0,0,4,236,0,231,0,0,0,303,110,0,0,0,0,24,0,0,3,26,0,7,135,17,0,0,69,249,82,0,40,362,0,0,26,0,0,173,1862,166,1,311,0,0,33,9,2,18,325,3,3,0,33,0,0,0,110,3,0,41,414,238,130,122,129,266,162,31,22,0,0,0,24,5,0,393,1241,413,0,3,26,212,0,6047,900,0,65,1,0,258,309,Ft Worth
2011,2011,0,0,0,0,0,0,159,555,534,423,0,3,0,241,94,401,40,42,299,0,118,66,4,31,0,0,45,0,0,0,19,0,0,72,21,0,14,0,1486,0,36,0,87,63,10,1,0,0,0,0,0,0,0,0,290,256,5,10,4,9,1,15,0,67,0,2,1,0,975,11,0,0,0,0,51,35,3,0,0,0,0,0,6,0,0,9,0,60,0,502,0,0,0,0,0,130,0,1104,10,0,0,314,284,2,0,4,3,3,15,0,0,0,0,0,0,21,0,0,0,102,18,0,50,96,1,0,21,0,1,0,0,43,0,0,0,0,0,0,0,0,243,0,503,0,0,0,316,119,0,0,0,0,28,0,0,1,7,0,8,101,11,0,2,26,113,201,0,40,1618,0,0,23,0,0,144,674,28,0,482,0,0,17,2,0,1,189,0,3,0,33,0,0,0,112,0,0,126,516,184,379,209,72,197,87,18,18,0,0,0,75,15,0,324,4705,651,0,0,41,546,0,1477,69,0,60,0,2,285,84,Ft Worth
2012,2012,0,0,0,4,0,0,103,594,522,582,0,0,0,108,106,191,19,24,437,2,220,25,0,16,0,1,45,0,0,0,7,0,0,51,6,0,2,0,648,0,82,0,65,73,6,1,0,3,0,1,0,0,0,0,184,343,7,8,2,7,0,12,0,59,0,1,1,0,802,0,0,0,0,0,60,46,4,0,0,0,0,0,1,0,0,30,0,62,0,335,0,0,0,0,0,115,0,438,41,0,0,403,301,2,0,2,4,2,4,0,0,0,0,0,0,13,0,0,0,128,16,2,82,71,2,0,30,3,0,0,0,67,0,0,0,0,0,0,0,1,176,0,303,0,0,0,299,117,0,0,14,0,18,0,0,1,10,0,7,99,9,0,0,27,85,141,0,27,260,0,0,7,0,0,124,1143,11,0,201,0,0,5,1,0,4,301,5,0,0,8,0,0,0,60,0,0,28,216,156,89,97,27,140,70,12,0,0,0,0,53,1,0,329,6306,190,0,0,435,74,0,3571,880,0,209,29,0,396,94,Ft Worth
2013,2013,0,1,8,0,1,0,95,530,388,592,0,28,0,136,46,215,17,1,217,0,121,36,0,36,0,0,35,0,0,0,37,0,0,33,0,0,4,0,775,0,80,0,69,36,4,0,0,0,0,1,0,0,0,0,150,148,10,14,8,5,0,10,0,58,0,1,4,0,715,0,0,1,0,0,85,20,0,0,0,0,0,1,17,0,0,17,0,64,0,249,0,0,0,0,0,124,0,354,22,0,0,418,338,1,0,3,4,2,6,0,0,0,0,0,0,13,0,0,0,108,5,0,49,75,0,0,33,0,1,0,0,37,0,0,0,0,0,0,0,0,191,0,399,0,0,0,258,99,0,0,0,1,2,0,0,0,9,0,5,90,6,0,5,15,103,187,0,15,98,0,0,26,0,0,167,3372,45,0,857,0,0,15,4,0,4,63,0,0,0,156,0,0,0,142,2,0,45,332,118,265,144,18,69,100,23,5,0,0,0,60,6,0,391,11330,398,0,57,60,95,0,20719,355,0,160,3,0,470,221,Ft Worth
2014,2014,0,0,0,0,1,0,152,431,610,698,0,0,0,368,125,161,41,8,550,0,50,59,0,47,0,6,42,0,0,0,0,0,0,56,12,0,5,0,4000,0,40,0,80,41,9,1,0,0,0,2,0,0,0,0,240,209,7,0,5,7,0,14,0,46,0,2,7,0,1126,0,0,0,0,0,74,20,7,0,0,0,0,0,0,0,0,16,0,42,0,416,0,0,0,0,0,236,0,711,45,0,0,479,574,2,0,8,9,8,6,0,0,0,0,0,0,17,0,0,0,145,17,3,85,81,0,0,26,0,0,0,0,49,0,0,0,0,0,0,0,0,238,0,461,0,0,0,389,0,0,0,0,2,13,0,0,1,4,0,21,130,19,0,6,17,133,156,0,20,181,0,0,13,0,0,212,2085,30,0,570,0,0,12,14,0,0,211,0,0,0,5,0,0,0,111,2,0,30,308,161,374,157,97,61,94,10,10,0,0,0,61,4,0,496,2063,279,0,0,0,101,0,1194,240,0,96,0,0,296,333,Ft Worth
2015,2015,0,0,0,0,6,0,122,307,194,268,0,12,0,297,105,70,9,62,505,0,80,50,0,39,0,0,81,0,0,0,18,3,0,38,0,0,5,0,2945,0,238,0,69,59,3,0,0,0,0,0,0,0,0,0,443,176,12,2,5,8,1,5,0,54,0,1,6,0,886,2,0,0,0,0,102,6,0,0,0,0,0,0,26,0,0,35,0,37,0,614,0,0,0,0,0,50,0,513,36,0,0,221,278,1,0,3,7,2,7,0,0,0,0,0,0,15,0,0,0,90,19,0,39,71,0,0,23,1,0,0,0,77,0,0,0,0,0,0,0,1,124,0,364,0,0,0,264,65,0,0,0,1,9,0,0,0,2,0,6,74,16,0,2,23,173,169,0,10,60,0,0,13,0,0,109,6722,35,0,499,0,0,30,1,0,7,178,1,5,0,67,0,0,0,101,9,0,22,478,66,181,201,25,93,62,6,2,0,0,0,34,1,0,324,1399,296,0,3,62,125,0,4413,66,0,93,5,0,300,82,Ft Worth
2016,2016,1,1,1,0,12,0,139,356,278,312,0,25,0,193,112,230,23,0,353,0,21,60,0,30,0,0,47,0,0,11,30,0,0,66,6,0,0,0,2425,0,131,0,71,62,11,2,0,5,0,0,0,0,0,0,403,267,13,3,3,10,1,11,0,76,0,2,7,0,1162,8,0,0,0,0,116,11,9,0,0,0,0,0,152,0,0,35,0,87,0,1037,0,1,0,0,0,73,0,283,24,0,0,303,223,0,0,3,3,1,6,0,0,0,0,0,0,19,0,0,0,82,16,2,64,81,2,0,24,0,0,0,0,68,0,0,0,0,0,0,0,1,122,0,203,0,0,0,188,76,2,0,1,0,6,0,0,4,2,0,6,103,28,0,0,29,188,136,0,19,628,0,0,15,0,0,114,339,7,0,538,0,0,37,2,0,4,280,0,3,0,40,0,0,0,56,0,0,29,147,67,180,130,9,128,57,20,1,0,0,0,16,6,0,308,1181,187,0,28,46,12,0,1366,354,0,66,0,0,141,104,Ft Worth
2017,2017,0,1,0,0,32,0,53,1046,348,492,0,64,0,187,68,138,29,68,378,1,303,59,0,39,0,0,60,0,0,6,8,0,0,92,0,0,5,0,1535,0,254,0,74,285,15,8,0,1,0,0,0,0,12,0,342,188,11,17,4,12,0,12,0,84,1,2,11,0,1354,0,0,0,0,0,60,15,2,0,0,0,0,0,81,0,2,20,0,81,0,407,0,1,0,0,0,66,0,342,22,0,0,135,206,1,0,3,6,1,11,0,0,0,0,0,0,25,0,0,0,101,17,1,73,49,0,0,33,0,0,0,0,64,0,0,0,0,0,0,0,0,139,0,265,0,0,0,194,99,0,0,0,0,6,0,0,1,8,1,6,91,19,0,0,9,144,118,0,22,94,0,0,17,0,0,131,666,25,0,495,0,0,38,9,0,0,213,0,0,0,19,0,0,0,30,1,0,34,171,63,140,72,13,75,62,11,7,0,0,0,25,6,0,326,2239,196,0,0,168,261,0,580,381,0,41,16,0,252,56,Ft Worth
2018,2018,0,0,0,0,37,0,46,343,188,297,0,0,0,132,27,124,11,5,228,0,92,60,0,20,0,1,43,0,0,0,15,0,0,107,0,0,0,0,4066,0,114,0,95,85,18,1,0,0,0,0,0,0,0,0,253,286,11,6,9,3,0,8,0,50,0,3,1,0,735,0,0,0,0,0,25,30,5,0,0,0,0,0,87,0,0,25,0,57,0,482,0,0,0,0,0,19,0,443,12,8,0,223,178,0,0,4,3,3,4,0,0,0,0,0,0,22,0,0,0,79,16,1,51,69,3,4,10,1,0,0,0,60,0,0,0,0,0,0,0,5,122,0,237,0,0,0,204,114,0,0,1,0,11,0,0,6,3,0,8,69,16,0,1,11,89,132,0,17,595,0,0,16,0,0,96,1075,17,0,240,0,0,19,5,0,1,162,0,1,0,14,0,0,0,39,0,0,38,166,21,127,132,48,98,57,7,0,0,0,0,15,2,0,242,3084,180,0,0,34,359,0,2114,507,0,40,0,0,346,32,Ft Worth
2019,2019,0,0,4,0,8,0,42,464,347,226,0,123,0,301,34,82,1,13,204,0,126,46,0,16,0,0,102,0,0,0,23,0,0,121,0,0,1,0,2728,0,234,0,64,59,16,0,0,0,0,0,0,0,5,0,260,89,8,8,3,2,2,14,0,41,0,1,6,0,1665,0,0,0,0,0,77,9,4,0,0,0,0,0,113,0,0,18,0,55,5,305,0,0,0,0,0,48,0,517,47,0,0,220,176,0,0,3,8,3,4,0,0,0,0,0,0,20,0,0,0,125,15,1,57,47,2,0,18,0,0,0,0,82,0,0,0,0,0,0,0,1,176,0,331,0,0,0,324,153,0,0,0,0,4,0,0,5,3,0,8,106,21,0,2,7,142,82,0,17,130,1,0,19,0,0,106,502,29,0,163,0,0,26,6,0,0,208,0,1,0,18,0,0,0,30,1,0,6,100,47,83,72,17,85,46,15,0,0,0,0,10,8,0,337,1540,245,0,0,5,1817,0,1519,25,0,55,4,0,234,89,Ft Worth
2009,2009,22,0,0,0,0,0,10,287,65,2,0,17,0,681,191,357,39,1,73,0,94,152,0,20,0,0,510,0,0,4,16,0,3,26,0,0,60,20,3105,4,58,0,32,53,26,4,3,170,0,21,0,0,2,0,445,60,3,11,9,5,0,14,0,40,0,0,0,0,365,21,7,0,0,0,51,12,21,0,0,0,0,0,103,0,31,2,0,45,0,93,0,0,0,0,0,0,0,259,1,30,81,806,523,0,0,0,2,4,0,0,0,0,0,1,0,7,7,33,0,0,26,46,4,9,0,27,53,1,1,0,0,221,1,6,27,6,93,0,38,12,5,0,23,0,0,5,56,0,53,14,0,0,1,1,1,57,1,1,4,91,39,6,158,0,185,27,0,24,758,1,0,0,0,0,417,293,294,0,639,0,1,283,22,0,18,1468,17,1,0,154,0,0,0,19,23,81,1,4,820,24,18,988,833,21,536,5,0,0,1,16,0,28,342,3690,1210,0,8,151,11,0,1380,1529,0,53,0,26,168,192,San Antonio
2010,2010,505,99,3,0,1,0,10,205,201,5,0,22,1,350,247,96,44,9,162,2,197,18,0,224,0,0,24,0,0,23,0,0,24,51,0,0,150,12,850,7,464,0,45,57,12,2,0,42,1,19,0,0,0,0,329,92,6,10,7,8,1,30,0,66,0,0,0,0,496,0,5,0,0,0,138,18,38,1,0,0,0,0,129,0,70,26,0,105,0,49,0,0,0,0,0,28,0,437,23,74,31,961,451,2,0,0,9,8,0,0,0,0,0,0,0,13,5,50,0,0,22,93,3,5,0,57,63,2,1,0,0,183,2,7,18,1,2,64,29,7,1,0,15,0,0,319,97,0,122,11,1,0,1,0,4,79,7,0,0,109,31,0,73,35,317,40,0,45,6,1,4,1,3,0,514,278,120,2,1,0,2,250,16,0,10,745,9,2,0,180,0,0,0,36,69,93,1,3,965,6,12,481,452,33,524,8,0,0,0,14,2,126,763,8605,1271,0,0,31,8,0,5624,475,0,237,0,65,232,248,San Antonio
2011,2011,36,10,0,0,0,0,31,515,320,4,0,1,7,2138,50,350,5,27,62,0,18,10,0,153,0,0,172,0,0,17,0,0,33,48,0,0,72,74,492,7,103,0,21,41,8,3,2,86,2,27,0,0,0,0,227,37,5,20,3,4,0,28,0,62,1,0,0,0,257,7,22,0,0,0,206,33,20,1,0,0,0,7,41,0,18,52,0,62,0,55,0,0,0,0,0,8,0,682,39,151,29,2425,480,3,2,1,10,4,0,1,0,0,0,0,0,13,3,50,0,0,20,76,6,27,0,55,48,3,3,0,0,101,6,12,27,6,3,72,12,5,5,0,41,0,0,218,57,0,102,18,0,0,1,0,2,13,10,0,0,83,25,0,12,9,190,351,0,71,2849,0,2,0,5,0,370,982,171,0,602,0,1,125,21,0,4,482,0,0,0,610,0,0,0,178,36,601,6,31,1029,10,19,573,303,42,59,4,1,0,1,41,0,70,483,5681,1368,0,15,42,27,0,3157,776,0,151,0,45,773,446,San Antonio
2012,2012,33,0,0,0,0,0,11,329,119,6,0,9,1,1327,27,162,36,46,152,0,161,8,1,46,0,0,197,0,0,0,0,0,4,51,0,0,85,11,193,0,330,0,33,86,40,1,1,187,0,33,0,0,2,0,257,45,3,20,7,7,0,31,2,51,0,0,1,0,368,0,22,6,0,0,387,55,14,1,0,0,0,22,590,0,301,38,0,15,0,39,0,0,0,0,0,2,0,426,47,71,19,329,663,2,1,0,4,3,0,0,0,0,0,0,0,13,3,31,0,0,10,66,4,20,0,70,12,3,1,0,0,161,0,1,25,6,9,71,22,0,1,0,20,0,0,0,73,0,85,6,6,0,2,0,1,27,0,1,2,94,18,0,46,9,170,44,0,27,3,3,0,0,9,0,240,484,203,0,102,0,0,105,17,0,10,687,9,0,0,26,0,0,0,8,49,2,0,0,317,0,13,412,311,47,184,13,0,0,1,6,0,34,447,5675,601,0,0,521,0,0,9590,747,0,245,11,58,107,224,San Antonio
2013,2013,66,0,0,0,0,0,20,262,129,0,9,3,0,727,15,55,10,4,65,0,27,14,0,107,0,1,168,0,0,13,7,0,6,15,0,0,233,40,527,4,262,0,30,38,12,0,1,44,0,32,0,0,0,0,627,119,2,12,4,4,0,14,0,43,2,0,1,1,57,0,35,1,0,0,169,22,14,1,0,0,0,4,144,0,85,10,0,8,1,271,0,0,0,0,0,4,0,368,33,53,1,1122,864,4,1,2,11,3,1,2,0,0,0,0,0,7,4,64,0,1,6,82,4,7,0,72,25,2,0,0,0,155,0,2,2,1,6,61,22,5,4,0,34,7,0,200,76,0,200,51,1,0,0,0,0,33,1,0,0,93,88,2,48,2,221,36,0,15,16,0,3,0,4,0,382,877,170,0,108,0,0,116,24,0,25,303,23,2,0,84,0,0,0,13,6,0,3,1,343,0,40,326,357,17,179,6,0,0,0,10,0,33,632,4381,694,0,0,7,0,0,4514,1400,0,169,0,51,331,405,San Antonio
2014,2014,4,0,0,0,0,0,17,317,109,4,0,14,1,1621,238,192,5,6,120,1,50,12,1,14,0,0,205,0,0,35,30,0,16,27,0,0,200,44,523,0,129,0,21,62,10,0,0,87,0,7,0,0,0,0,440,74,5,2,9,6,0,37,0,34,1,0,0,0,224,0,0,2,0,0,214,20,8,3,0,0,0,0,45,0,0,10,0,26,0,0,0,0,0,0,0,0,0,728,103,41,26,2871,694,5,1,0,12,4,0,3,0,0,0,0,0,8,6,91,0,0,4,115,4,9,0,116,52,1,1,0,0,147,2,2,12,1,1,109,26,2,6,0,56,4,0,1,88,0,161,53,0,0,0,0,0,27,1,0,0,175,79,0,50,5,202,131,0,29,53,2,3,0,7,0,440,8775,208,0,405,0,0,135,18,0,1,1486,1,0,0,114,0,0,0,18,22,0,3,0,414,4,33,476,341,20,127,7,0,0,0,21,0,91,1022,3615,1244,0,0,24,1114,0,15640,455,0,315,0,33,610,616,San Antonio
2015,2015,162,95,6,0,0,0,14,248,165,34,0,17,0,626,21,62,28,74,253,1,496,19,1,48,0,0,774,0,0,0,8,0,30,29,0,0,106,72,607,0,292,0,27,54,35,0,0,81,0,24,0,0,0,0,447,79,7,0,4,7,0,22,0,24,0,0,0,0,129,0,9,0,0,0,199,36,12,2,0,0,0,0,32,0,7,47,0,35,0,65,0,0,0,0,0,1,0,377,131,64,7,1631,928,4,0,0,19,6,0,4,0,0,0,0,0,14,7,94,0,0,15,100,0,8,0,77,40,5,1,0,0,164,3,13,9,0,3,116,22,3,12,0,31,8,0,18,39,0,97,36,0,0,0,0,2,15,1,0,2,136,62,0,36,2,170,58,0,15,2144,0,3,1,5,0,434,4558,298,0,1519,0,0,82,16,0,10,1217,3,0,0,84,0,0,0,21,32,45,4,4,433,39,29,264,111,22,93,14,0,0,0,15,0,185,844,6416,614,0,0,131,319,0,7041,606,0,275,0,12,510,580,San Antonio
2016,2016,106,3,0,0,0,0,5,478,94,2,0,35,0,706,15,77,3,19,168,0,79,9,1,135,0,1,161,0,0,15,3,0,18,60,0,0,12,924,65,1,56,0,27,81,333,3,2,204,0,78,0,0,22,0,455,61,4,12,10,9,1,18,3,38,1,0,1,2,328,0,2,0,0,0,117,22,4,0,0,0,0,0,50,0,0,11,0,22,0,260,0,4,0,0,0,1,0,733,101,44,21,964,202,2,4,0,2,2,0,1,0,0,0,0,0,10,2,68,0,0,3,67,0,3,0,97,60,1,2,0,0,99,0,2,10,0,0,72,19,5,2,0,28,3,0,78,40,0,53,21,0,0,0,0,1,14,1,0,0,78,22,0,46,2,143,33,0,14,249,1,2,0,0,0,147,894,56,0,167,0,0,104,7,0,12,518,2,0,0,54,0,0,0,9,41,0,0,0,197,10,19,159,86,25,113,16,0,0,0,1,0,45,510,1710,718,0,0,0,154,0,1127,552,0,121,0,33,112,373,San Antonio
2017,2017,92,0,0,0,0,0,1,281,46,34,0,19,3,425,44,197,7,0,76,0,70,20,0,125,0,0,202,0,0,0,3,0,2,26,0,0,55,76,110,3,348,0,22,213,9,0,0,81,0,16,0,0,0,0,331,21,5,22,4,12,0,45,13,60,0,0,0,2,137,0,89,65,0,0,328,34,16,0,0,0,0,60,299,3,29,18,0,31,0,166,0,0,0,0,0,0,0,1044,111,26,3,1429,1211,7,1,0,9,2,0,1,0,0,0,0,0,5,8,159,0,0,4,118,0,3,0,94,68,4,1,0,0,189,0,5,17,1,5,111,31,5,20,0,43,3,0,355,92,0,155,31,0,0,0,2,0,51,0,0,0,175,45,0,61,7,253,58,0,43,704,1,4,0,1,0,290,1984,231,0,703,0,1,102,18,0,4,448,1,0,0,64,0,0,0,10,6,25,0,1,128,7,32,157,134,51,133,8,0,0,0,7,0,42,859,3882,970,0,0,167,1036,0,6835,636,0,296,0,82,308,584,San Antonio
2018,2018,129,107,0,0,0,0,2,230,21,17,0,11,0,256,20,215,38,4,102,0,9,34,1,24,0,0,230,0,0,5,1,0,7,25,0,0,22,97,225,2,42,0,37,41,12,1,0,36,0,3,0,0,0,0,710,45,3,2,4,8,0,37,0,51,0,0,3,0,187,12,10,0,0,0,101,13,9,0,0,0,0,0,28,0,0,40,0,2,1,981,0,0,0,0,0,0,0,611,66,19,9,821,526,5,0,1,14,1,0,2,0,0,0,0,0,6,0,45,0,0,8,83,0,2,0,87,34,0,0,0,0,203,0,0,12,12,10,88,63,10,16,0,39,6,0,0,50,0,87,25,0,0,0,0,0,95,1,0,3,119,42,0,67,4,194,24,0,31,222,1,2,0,4,0,298,596,210,0,748,0,3,82,23,0,11,659,30,0,0,94,0,0,0,9,23,0,3,45,158,21,114,225,292,87,257,16,0,0,0,4,0,21,465,4026,539,0,0,196,35,0,6092,832,0,180,11,52,561,362,San Antonio
2019,2019,141,1,21,0,0,0,4,190,46,22,0,11,9,1632,50,209,5,6,83,0,8,5,0,12,0,0,83,0,0,0,5,0,11,16,0,0,3,27,75,4,143,0,25,41,5,0,0,24,0,6,0,0,6,0,507,60,3,3,3,4,0,24,0,31,0,2,3,0,101,3,35,19,0,0,99,22,10,0,0,0,0,9,379,0,175,16,0,0,0,97,0,0,2,0,0,0,0,1145,6,12,4,222,321,4,0,1,8,2,0,2,0,0,0,0,0,3,4,50,0,1,2,60,2,4,0,60,33,1,1,0,0,122,0,3,8,4,0,67,26,5,27,0,33,3,0,0,82,0,128,31,1,0,0,1,0,20,2,0,0,122,34,0,32,1,171,6,0,18,2,1,0,0,13,0,24,1520,221,0,2,0,0,80,6,0,10,660,0,0,0,66,0,0,0,9,8,2,0,1,190,4,23,110,86,12,69,9,0,0,0,2,0,59,774,1662,675,0,6,57,580,0,10835,359,0,278,0,44,51,355,San Antonio
2009,2009,1,0,0,0,0,1,20,893,295,42,0,54,5,1486,49,938,6,23,109,1,452,241,2,14,0,0,503,0,0,0,0,0,6,92,0,0,21,7,629,4,28,0,79,86,39,12,1,0,2,13,1,0,3,0,584,318,20,21,10,33,0,54,0,73,0,0,6,0,1979,0,0,0,0,0,325,22,49,0,0,0,0,0,246,0,0,15,0,0,0,121,0,0,0,0,0,2,0,2439,51,62,0,1677,1000,2,1,8,4,3,0,0,0,0,0,0,0,35,3,2,0,139,35,12,64,31,0,51,65,2,0,0,246,302,0,0,1,6,29,61,4,37,202,0,332,0,0,5,330,165,0,0,0,0,1,0,6,82,0,1,10,312,21,0,63,5,592,140,0,38,3553,0,0,1,0,0,343,3048,353,0,2456,0,1,179,18,0,3,1990,14,7,0,323,0,0,0,227,4,1,2,9,340,173,73,392,831,138,351,28,0,0,0,26,1,0,901,3157,1065,0,0,120,3027,0,7731,1916,0,319,0,43,259,384,Austin
2010,2010,38,0,0,0,0,3,39,630,625,50,0,19,1,1767,27,256,13,43,163,0,389,276,12,25,0,0,470,0,0,8,0,0,3,89,0,0,4,2,599,3,99,0,47,58,74,9,0,1,2,10,0,0,0,0,314,259,13,19,9,18,1,57,0,110,0,2,8,3,1182,0,0,0,0,0,206,36,22,1,0,0,0,0,75,0,0,30,0,0,0,109,0,0,0,0,0,2,0,3115,18,75,1,945,746,1,0,3,6,8,0,0,0,0,0,0,1,22,3,1,0,139,31,16,69,18,2,48,64,1,0,0,189,247,0,0,1,1,0,37,10,30,268,1,300,0,0,41,404,185,0,0,0,0,5,0,7,70,27,1,4,269,16,0,19,117,517,78,0,69,90,0,0,2,0,0,471,1276,345,1,32,0,2,167,22,0,13,1110,40,2,0,284,0,0,0,145,0,0,1,16,414,12,70,234,440,158,236,27,0,0,0,23,0,2,942,8488,534,0,0,82,1180,0,9128,534,0,181,0,62,268,362,Austin
2011,2011,138,0,4,0,4,6,30,1026,615,68,0,25,4,1426,241,715,64,49,339,0,628,213,0,16,0,3,226,0,0,0,0,0,10,192,0,0,22,11,1407,5,61,0,67,83,78,12,0,1,2,4,1,1,0,0,487,258,16,17,13,18,4,37,0,113,0,1,4,8,3545,68,0,0,0,0,237,17,24,0,0,0,0,0,149,0,0,28,0,19,0,159,0,0,0,0,0,3,0,2550,30,34,7,1602,891,3,2,5,5,7,0,0,0,0,0,1,1,13,0,1,0,117,23,18,70,72,0,50,43,3,2,0,298,149,0,0,0,0,3,63,0,10,287,0,343,0,0,120,314,155,0,0,0,0,23,0,4,8,9,1,10,228,15,0,7,49,307,133,0,58,641,0,0,0,1,0,474,3803,270,1,519,0,2,145,25,0,2,895,1,1,0,113,0,0,0,74,2,2,19,43,522,146,65,201,148,71,42,14,0,0,0,63,0,0,740,1291,619,1,7,82,3699,0,18444,267,0,222,0,39,654,850,Austin
2012,2012,66,0,0,0,0,9,50,1487,868,56,0,14,0,2311,140,852,38,31,219,0,1210,437,2,23,0,0,178,0,0,0,0,1,6,133,0,0,4,2,1139,5,193,0,73,102,102,9,0,2,6,14,5,3,0,0,505,231,20,41,8,19,3,48,2,127,0,0,12,1,3685,0,0,0,0,0,369,23,47,0,0,0,0,1,261,0,0,49,0,10,0,88,0,0,0,0,0,1,0,6596,111,45,3,2776,1581,0,1,7,11,5,0,0,0,0,0,0,2,39,0,1,0,186,25,22,80,44,3,52,49,3,1,0,216,198,0,0,2,5,12,73,2,9,352,0,187,0,0,0,283,140,0,0,10,1,11,0,4,47,2,0,4,363,18,0,22,57,488,78,0,47,275,0,0,1,0,0,505,2502,219,3,141,0,2,177,19,0,22,1269,5,5,0,128,0,0,0,128,54,0,0,1,214,7,37,130,484,73,198,15,1,0,0,22,0,0,1011,16638,300,0,2,2947,1224,0,15284,5159,0,535,5,102,324,834,Austin
2013,2013,25,0,0,0,1,5,76,962,507,42,0,12,7,1926,89,329,84,55,204,0,621,240,0,26,0,0,180,0,0,0,0,0,4,167,0,0,10,3,1839,1,220,0,105,145,110,8,0,15,0,16,0,0,0,0,570,197,37,22,14,10,2,64,0,143,0,0,5,0,1491,1,0,0,0,0,286,51,38,2,0,0,0,1,257,0,0,51,0,9,0,519,0,0,0,0,0,8,0,1949,69,70,2,1633,1075,1,0,4,10,5,0,0,0,0,1,3,3,34,0,8,0,149,11,15,60,22,0,58,37,3,4,0,238,138,0,0,2,2,0,63,3,14,389,1,434,0,0,78,271,114,18,0,0,0,4,0,6,30,1,0,5,339,8,0,20,23,431,166,0,24,65,0,0,0,0,0,377,5830,216,1,561,0,0,95,16,0,48,457,8,2,0,139,0,0,0,40,4,0,8,31,255,33,127,142,200,68,99,11,0,0,0,21,2,1,997,3236,621,0,4,519,5261,0,14460,1092,0,310,0,141,605,783,Austin
2014,2014,26,0,0,0,0,6,53,984,512,55,0,6,1,1002,92,345,98,50,314,1,628,310,0,8,0,0,112,0,0,4,0,0,2,154,0,0,19,2,2047,4,204,0,65,108,92,6,0,0,0,5,0,0,0,0,689,148,24,7,6,25,1,83,0,107,0,0,4,6,1650,0,0,0,0,0,143,10,28,0,0,0,0,0,122,0,0,24,0,0,0,70,0,0,0,0,0,0,0,3579,92,45,0,3316,1375,2,0,5,8,12,0,0,0,0,0,1,6,32,1,5,0,239,17,28,83,52,7,43,55,5,4,0,363,185,0,0,1,1,0,63,5,12,333,0,297,2,0,0,369,307,0,0,1,0,4,0,14,63,7,0,6,417,65,0,21,50,590,134,0,28,108,3,0,1,0,0,588,3204,239,1,491,0,2,155,17,0,10,1491,7,1,0,161,0,0,0,114,12,0,8,18,277,121,149,143,218,85,155,10,1,0,0,29,0,4,1116,9367,451,0,22,1944,594,0,12966,2342,0,292,0,134,291,845,Austin
2015,2015,0,2,0,0,0,1,65,722,313,19,0,2,0,904,39,168,40,63,149,1,576,142,0,9,0,0,96,0,0,0,0,0,2,127,0,0,1,3,1367,5,33,0,83,142,139,18,0,9,1,13,0,0,1,0,947,268,25,3,12,29,4,59,0,92,0,0,6,2,665,0,0,0,0,0,387,11,29,1,0,0,0,0,536,0,0,50,0,0,0,69,0,0,0,0,0,0,0,2562,18,31,1,1584,664,4,0,3,5,4,0,0,0,0,0,1,6,33,2,3,0,195,29,24,62,47,6,63,41,3,3,0,407,229,1,0,0,0,4,64,9,21,515,0,314,2,0,26,411,206,0,0,0,0,2,0,14,34,7,0,2,427,26,0,49,50,646,118,0,58,395,0,0,1,0,0,526,3708,216,3,1708,0,1,198,21,0,69,1470,0,1,0,154,0,0,0,117,3,0,10,112,207,130,166,80,129,111,87,7,0,0,0,31,2,9,874,3057,629,0,1,221,1216,0,11093,341,0,147,18,91,719,915,Austin
2016,2016,295,0,0,0,0,7,42,594,610,27,0,32,0,1083,36,159,103,72,416,0,346,125,0,13,0,1,152,0,0,0,0,0,7,106,0,0,11,5,741,6,39,0,67,69,128,8,0,0,1,6,1,0,0,0,591,150,15,3,8,19,4,44,0,72,0,0,10,1,790,0,0,0,0,0,204,14,13,4,0,0,0,0,184,0,0,36,0,0,0,128,0,0,0,0,0,0,0,3481,70,19,0,2438,688,0,2,5,7,5,0,0,0,0,0,1,4,23,1,2,0,142,9,17,41,34,1,72,66,3,2,0,279,212,0,0,1,2,10,70,4,24,302,0,171,0,0,44,218,130,0,0,0,0,0,0,9,57,2,0,5,340,22,0,50,13,529,82,0,32,66,0,0,0,0,0,306,3530,176,2,1089,0,1,220,37,0,28,904,22,0,0,167,0,0,0,64,6,0,0,6,131,35,68,75,287,81,128,8,0,0,0,7,0,0,628,4549,380,1,0,3040,137,0,11841,1132,0,240,0,66,114,484,Austin
2017,2017,12,0,0,0,0,4,46,887,222,38,0,14,0,1306,51,458,42,8,198,4,647,147,0,24,0,0,84,0,0,0,0,0,8,86,0,0,4,224,1461,4,190,0,87,102,91,4,0,19,2,9,3,0,0,0,355,133,18,14,3,12,3,64,3,108,0,0,11,3,379,0,0,0,0,0,283,16,22,1,0,0,0,0,341,0,0,28,0,0,0,147,0,0,0,0,0,0,0,2678,68,27,0,1563,636,0,3,2,7,1,0,0,0,0,0,0,5,22,1,3,0,96,11,29,51,13,0,46,66,3,3,0,418,202,0,0,0,3,9,36,8,25,316,0,145,1,0,59,170,116,0,0,1,0,1,0,9,62,7,1,6,245,20,0,38,8,506,113,0,52,76,0,0,1,0,0,269,3270,396,0,569,0,5,193,37,0,13,1316,0,0,0,147,0,0,0,153,1,0,9,18,188,110,86,53,351,114,147,10,0,0,0,25,3,0,663,16439,620,0,0,2516,357,0,10395,11184,0,182,0,79,429,360,Austin
2018,2018,120,0,0,0,0,5,13,574,176,108,0,24,3,461,37,288,63,31,184,0,243,85,0,16,0,0,402,0,0,0,0,0,0,112,0,0,3,3,550,5,0,0,67,72,96,9,0,2,5,5,1,0,0,0,914,186,19,19,12,32,3,64,1,143,0,0,7,1,341,0,0,0,0,0,162,17,14,8,0,0,0,0,270,0,0,31,0,0,0,53,0,0,0,0,0,0,0,2128,31,18,0,1411,566,2,0,2,6,5,1,0,0,0,0,1,5,25,4,1,0,134,24,24,69,23,6,94,36,2,2,0,344,257,0,0,0,15,13,45,9,55,248,0,171,3,0,0,285,194,0,0,6,0,1,0,7,84,9,0,2,288,27,0,51,32,403,107,0,53,68,1,0,1,0,0,304,1129,321,7,826,0,2,152,20,0,35,952,3,1,0,127,0,0,0,53,5,0,4,26,141,39,197,51,303,83,121,21,0,0,0,18,2,0,704,1736,414,0,0,1980,1322,0,10847,713,0,169,9,81,432,598,Austin
2019,2019,305,0,0,0,0,8,21,576,303,38,0,55,0,939,88,154,22,17,125,0,548,112,0,28,0,0,78,0,0,0,0,0,13,184,0,0,3,18,657,4,19,0,71,56,221,3,0,0,2,4,0,0,0,0,722,146,21,10,7,18,3,59,1,143,0,0,3,0,503,0,0,0,0,0,197,22,13,2,0,0,0,0,130,0,0,34,0,0,0,69,0,0,0,0,0,0,0,2237,68,6,0,1397,341,0,0,2,5,6,0,0,0,0,0,0,0,16,1,1,0,136,12,27,63,3,4,58,36,2,2,0,218,266,0,0,1,1,6,39,4,26,349,2,190,7,0,0,376,184,0,0,0,0,1,0,2,41,4,0,7,325,20,0,17,16,238,65,0,12,9,3,0,0,0,0,367,3238,381,0,439,0,0,156,38,0,38,658,0,0,0,86,0,0,0,30,1,0,0,2,70,35,79,36,214,31,65,0,0,0,0,0,0,1,737,2804,472,0,4,166,451,0,2522,231,0,177,0,123,156,483,Austin
2009,2009,92,35,1034,1,0,0,3,413,55,27,17,39,0,129,23,93,11,3,181,2,2616,94,39,20,0,27,273,0,0,0,0,2,0,58,0,10,0,216,290,9,118,111,59,63,41,10,5,3,0,26,0,29,0,24,72,61,15,7,4,3,5,31,0,35,0,0,4,0,94,0,0,10,3,1,193,24,15,0,4,0,4,89,633,700,0,0,251000,0,0,100000,0,130,1,15,18,70,0,428,21,4,0,32,290,0,0,2,1,0,0,0,0,0,0,0,0,18,0,0,0,68,20,0,23,16,24,4,19,0,1,0,0,48,0,0,0,0,0,38,2,2,80,0,81,0,287,1,63,5,0,0,0,0,0,0,0,15,0,7,3,63,0,0,58,0,140,57,0,5,421,5,0,4,0,0,107,577,11,0,266,0,0,50,14,911,10,0,0,4,1,61,0,0,0,6,0,0,0,8,5,0,22,2,71,5,16,52,0,0,0,0,0,0,125,443,46,0,0,0,154,4,496,61,0,1,0,0,261,172,Houston
2010,2010,0,50,515,1,0,0,9,1118,100,21,18,38,0,431,0,165,233,0,23,0,479,21,38,23,0,10,300,0,0,0,0,10,0,61,0,3,0,102,190,10,217,138,71,67,88,18,6,4,0,0,0,68,12,6,65,40,11,10,2,4,3,18,0,29,0,0,2,1,353,0,5,7,12,10,116,15,12,0,20,2,6,512,65,32,373,6,2871,0,0,758,0,52,0,46,3,14,0,468,16,0,0,57,65,0,0,2,4,0,0,0,0,0,0,0,0,19,0,0,0,43,13,0,22,4,0,3,22,0,0,0,0,54,0,0,0,0,0,26,0,3,62,0,50,0,24,0,91,7,0,0,0,0,5,0,0,11,1,3,4,31,0,0,24,61,104,93,0,4,1,5,0,1,0,0,79,274,48,0,3,0,0,43,4,828,75,0,0,0,2,75,0,0,0,0,0,0,0,2,1,0,39,0,145,3,7,39,0,0,0,0,0,0,89,2366,14,0,0,0,134,0,256,0,0,1,0,0,230,92,Houston
2011,2011,13,48,270,5,0,0,20,4673,725,26,50,370,0,514,130,294,703,87,19,23,140,21,13,25,0,22,3348,0,0,0,0,15,0,88,3,7,0,318,333,7,115,236,111,52,74,5,4,0,0,166,0,38,8,14,157,62,12,11,2,5,4,15,0,35,0,0,0,0,364,156,5,21,5,5,67,7,17,0,5,1,13,8,285,2,0,3,5934,2,1,412,0,71,2,2,28,40,0,327,4,0,0,93,240,0,0,0,2,0,0,0,0,0,0,0,0,8,0,0,0,33,20,0,14,4,3,6,18,2,2,0,0,38,0,0,0,0,0,31,0,2,46,0,28,0,4,0,67,3,0,0,0,0,1,0,0,8,0,3,3,10,0,0,14,19,62,119,0,2,133,1,0,3,0,0,67,469,258,0,50,0,0,40,4,319,8,0,0,0,0,18,0,0,0,10,0,0,2,1,2,5,44,0,153,5,12,49,0,0,1,0,0,0,46,2669,33,0,0,0,70,0,160,50,0,2,0,0,236,59,Houston
2012,2012,50,0,10043,31,0,0,4,551,54,13,8,16,0,53,22,44,1000,1,152,2,4513,67,18,27,0,164,566,0,0,0,0,33,0,46,30,1,0,121,383,8,172,351,72,57,87,15,10,0,0,58,0,39,1,21,81,104,24,16,2,1,4,19,0,28,0,0,1,0,38,0,8,34,60,2,203,41,31,0,26,35,127,55,62,82,87,1,7583,2,0,5600,0,335,2,29,32,55,255,150,47,0,0,105,336,0,0,4,3,0,0,0,0,0,0,0,0,30,0,0,0,50,10,0,19,3,7,9,24,0,5,0,1,38,0,0,4,0,0,46,1,0,125,0,32,0,25,0,82,33,0,0,2,0,0,0,0,16,0,15,5,35,0,0,39,5,66,117,0,10,443,6,0,5,0,0,104,1032,55,1,208,0,0,26,5,641,23,0,0,0,11,25,0,0,0,3,0,0,0,0,29,0,37,4,112,9,2,44,0,0,0,0,0,0,108,582,34,0,0,0,20190,0,508,215,0,3,0,0,124,70,Houston
2013,2013,125,298,1925,6,0,0,6,261,90,17,27,33,0,477,220,265,270,77,31,0,286,12,8,76,0,120,303,0,0,0,0,10,0,50,3,4,0,70,498,4,225,104,71,67,97,3,4,7,1,2,0,103,5,85,150,87,29,10,5,4,4,11,0,27,0,0,1,0,324,19,11,116,91,7,135,57,13,0,16,1,13,123,123,231,103,0,2693,1,0,593,0,207,4,9,49,109,4,266,107,0,0,105,274,0,0,0,2,0,0,0,0,0,0,0,0,13,0,0,0,45,10,0,21,14,6,6,27,0,2,0,0,41,0,0,1,0,0,39,15,0,87,0,56,0,111,5,51,12,0,0,0,0,0,0,0,13,1,3,10,32,0,0,18,2,120,100,0,32,418,5,0,49,0,0,126,1481,61,0,32,0,0,38,4,711,34,0,0,0,3,58,0,0,0,1,0,0,1,3,7,2,86,0,82,13,5,27,0,0,0,1,2,0,97,2494,29,0,0,0,6204,0,315,331,0,8,1,0,275,80,Houston
2014,2014,175,50,2725,5,0,0,1,11808,95,80,20,16,0,627,150,372,1304,71,69,1,2423,70,18,37,0,70,418,0,0,0,0,7,0,68,8,5,0,308,321,6,565,421,78,78,493,17,12,0,1,119,3,576,14,27,220,132,42,16,3,6,6,18,0,40,0,2,4,2,174,5,0,2,120,37,86,26,27,0,143,24,44,57,123,113,250,6,20177,1,1,2654,0,273,3,36,53,175,240,783,40,0,0,336,511,0,0,10,1,1,0,0,0,0,0,1,0,31,0,0,0,81,17,0,33,16,3,6,38,1,3,0,0,68,0,0,1,0,0,39,6,4,149,0,97,0,0,0,77,6,0,0,1,0,0,0,0,34,1,14,22,58,0,0,26,0,126,171,0,5,200,5,0,3,0,0,194,13443,106,0,112,0,0,56,12,1053,32,0,0,0,4,71,0,0,0,20,0,0,0,0,43,2,111,0,87,4,13,72,0,0,0,0,0,0,155,7255,41,0,0,0,3560,14,4218,120,0,51,0,0,194,144,Houston
2015,2015,42,0,87,0,0,0,0,3615,13,0,2,2,6,8,0,147,192,24,3,0,3534,195,79,43,0,56,111,0,0,0,0,20,1,44,48,5,0,355,436,0,1083,221,57,63,56,7,5,48,0,91,0,68,2,29,74,60,34,13,2,1,2,10,0,17,0,0,1,2,544,30,0,0,4,18,53,9,15,0,34,3,11,41,17,18,320,2,51662,1,2,5756,0,1318,5,14,14,385,150,163,49,25,0,97,98,0,0,12,2,0,0,0,0,0,0,0,0,14,0,0,0,28,19,0,14,7,6,10,23,0,1,0,0,44,0,0,2,0,0,17,2,2,86,0,45,0,400,1,25,0,0,0,0,0,0,0,0,0,1,2,5,18,0,0,27,2,110,137,0,20,4757,14,0,4,0,0,160,350,85,1,467,0,0,53,14,1097,39,0,0,2,1,34,0,0,0,3,0,0,0,0,2,0,99,3,71,8,3,64,0,0,0,0,0,0,82,891,49,0,0,0,167,3,289,60,0,12,1,0,300,76,Houston
2016,2016,81,115,4150,28,0,0,0,6019,5,34,49,28,0,198,29,324,201,75,76,0,3612,68,76,87,0,108,475,0,0,0,0,10,0,25,1,15,0,160,152,3,254,357,84,106,88,1,6,17,0,64,2,107,3,18,250,53,41,10,1,5,4,12,0,22,0,4,1,3,3893,3,0,24,10,11,74,46,15,0,77,7,27,169,114,104,323,1,19973,1,0,3868,0,657,4,17,15,132,203,308,81,0,0,145,125,0,0,11,0,0,0,0,0,0,0,0,0,27,0,0,0,46,13,0,10,14,5,2,22,1,9,0,0,68,0,0,3,0,0,22,2,2,69,0,21,0,331,2,27,5,0,0,0,0,0,0,0,14,1,16,38,33,0,0,32,7,63,151,0,6,767,5,0,11,0,0,96,609,22,0,414,0,0,45,13,747,74,0,0,7,0,9,0,0,0,0,0,0,0,0,0,0,19,0,83,1,5,56,0,0,0,0,2,0,88,801,17,0,0,0,778,5,621,107,0,32,1,0,51,103,Houston
2017,2017,750,0,2142,2,0,0,3,1798,15,4,27,2,0,28,4,89,21,2,230,1,2319,0,8,35,0,7,125,0,0,0,0,6,0,25,0,0,0,198,101,6,260,129,47,87,103,7,3,7,0,14,1,89,2,6,107,48,30,5,1,6,2,11,0,25,0,1,7,0,2705,285,0,51,1,0,152,12,12,0,2,0,22,31,326,1,0,1,7464,1,0,636,0,72,6,12,29,236,120,567,17,0,0,106,75,0,0,4,0,0,0,0,0,0,0,0,0,15,0,0,0,35,10,0,12,5,2,1,17,0,1,0,0,43,0,0,2,0,0,15,1,3,83,0,35,0,63,4,20,2,0,0,0,0,0,0,0,18,1,13,18,12,0,0,54,0,98,21,0,15,303,4,0,7,0,0,76,290,125,0,71,0,0,68,7,381,11,0,0,2,0,2,0,0,0,0,0,0,0,0,5,0,54,1,84,8,6,53,0,0,0,0,2,0,76,143,30,0,0,0,5000,0,1764,25,0,3,0,0,229,46,Houston
2018,2018,37,0,2500,0,0,0,2,88,14,21,19,0,0,3,12,14,2,30,4,0,250,48,21,18,0,19,7,0,0,0,0,7,0,21,0,0,0,158,139,3,225,119,83,109,74,5,3,2,0,10,0,155,30,16,145,131,35,10,0,4,4,9,0,23,0,0,3,1,0,7,0,28,10,0,58,14,21,0,18,1,9,126,280,25,16,2,13733,0,0,914,0,265,6,10,27,154,120,434,27,0,0,65,71,0,0,7,3,0,0,0,0,0,0,0,0,16,0,0,0,30,9,0,16,1,5,4,11,0,0,0,0,45,0,0,0,0,0,19,1,13,75,0,33,0,133,0,38,3,0,0,1,0,1,0,0,17,0,8,11,26,0,0,32,0,90,44,0,17,77,4,0,2,0,0,90,3318,25,0,75,0,0,38,1,743,28,0,0,2,0,18,0,0,0,0,0,0,0,0,24,0,43,1,59,17,4,29,0,0,0,0,2,0,76,2337,8,0,0,0,1515,9,48,2,0,3,0,0,180,41,Houston
2019,2019,50,0,2701,0,0,0,0,632,38,29,31,14,0,87,49,246,392,14,58,0,2105,521,127,84,0,34,2313,0,0,0,0,3,0,37,10,0,0,304,232,1,291,249,78,76,58,10,4,0,0,6,1,154,0,14,94,76,35,11,1,6,2,25,0,40,0,6,6,0,3315,486,7,286,11,0,80,20,23,0,11,12,38,1432,448,518,1000,1,19989,0,0,1182,0,511,8,10,52,273,350,286,18,0,0,245,71,0,1,9,1,1,0,0,0,0,0,0,0,26,0,0,0,49,15,0,20,2,2,6,22,0,1,0,0,68,0,0,1,1,0,12,0,16,123,0,31,0,9,0,57,0,0,0,0,0,1,0,0,23,4,14,18,31,0,0,45,5,141,40,0,39,67,20,0,5,0,0,113,581,70,0,56,0,0,97,9,899,74,0,0,0,0,15,0,0,0,2,0,0,0,2,0,0,43,2,164,6,5,37,0,0,0,0,16,0,100,5446,19,0,0,0,1489,1,157,15,0,3,0,0,45,67,Houston
